Eixo_X,Eixo_Y
0,2.03247
0.00831601,2.01299
0.016632,1.99351
0.0266112,1.97403
0.0382536,1.94805
0.0482328,1.92857
0.0598753,1.90909
0.0731809,1.88312
0.0864865,1.86364
0.101455,1.83766
0.114761,1.81818
0.128067,1.7987
0.141372,1.77922
0.158004,1.75325
0.176299,1.72727
0.197921,1.7013
0.21289,1.68182
0.229522,1.66234
0.246154,1.64286
0.261123,1.62338
0.277755,1.6039
0.289397,1.59091
0.299376,1.57792